{
    "sProcessing":     "Processing...",
    "sLengthMenu":     "Show _MENU_ records",
    "sZeroRecords":    "Zero Records Founds",
    "sEmptyTable":     "No data available in this table",
    "sInfo":           "Showing records from _START_ to _END_ of a total of _TOTAL_ records",
    "sInfoEmpty":      "Showing records from 0 to 0 of a total of 0 records",
    "sInfoFiltered":   "(filtered from a total of _MAX_ records)",
    "sInfoPostFix":    "",
    "sSearch":         "Search:",
    "sUrl":            "",
    "sInfoThousands":  ",",
    "sLoadingRecords": "Loading Records...",
    "oPaginate": {
        "sFirst":    "First",
        "sLast":     "Last",
        "sNext":     "ต่อไป",
        "sPrevious": "Previous"
    },
    "oAria": {
        "sSortAscending":  ": Activate to order the column in ascending oder",
        "sSortDescending": ": Activate to order the column in descending order"
    }
}
